device,FPS Promedio,Uso RAM Promedio (MB)
cpu,30.529304812834226,606.009012751954
cuda,55.54605223880598,1215.2960074626867
